Date,A,AAPL,ACGL,ALB,ALK,ATO,AXON,BK,C,CINF,COP,DHI,GNRC,KLAC,MCO,MMC,NCLH,PNC,PPG,TYL
2020-01-02,83.94806671142578,73.34794616699219,43.400001525878906,70.11260986328125,67.78558349609375,101.21792602539062,76.55999755859375,45.76706314086914,71.34413146972656,96.4842300415039,56.714839935302734,50.643821716308594,102.01000213623047,173.84571838378906,234.5667724609375,106.21810913085938,58.83000183105469,142.02154541015625,123.83795166015625,306.239990234375
2020-01-03,82.6001968383789,72.63484191894531,43.349998474121094,69.10836791992188,66.54263305664062,101.88733673095703,73.93000030517578,45.18284225463867,70.00032043457031,96.97595977783203,56.92277145385742,51.01953887939453,101.66999816894531,170.5225067138672,233.98452758789062,106.05696105957031,57.599998474121094,140.6577606201172,122.04061889648438,306.6700134277344
2020-01-06,82.8443832397461,73.21361541748047,43.52000045776367,69.03112030029297,66.22443389892578,101.74978637695312,68.75,45.60527801513672,69.78075408935547,96.22927856445312,57.59857177734375,51.45303726196289,101.25,166.68507385253906,234.71234130859375,106.08538818359375,56.79999923706055,140.3743896484375,121.47598266601562,310.2099914550781
2020-01-07,83.09832000732422,72.8692855834961,43.15999984741211,69.93878936767578,65.80680847167969,102.42835235595703,69.7699966430664,46.06365966796875,69.17472076416016,94.417236328125,57.59857177734375,51.260372161865234,102.9000015258789,168.00863647460938,233.86805725097656,105.76309204101562,56.970001220703125,139.2673797607422,120.52557373046875,311.2699890136719
2020-01-08,83.91875457763672,74.04149627685547,42.72999954223633,68.73179626464844,66.125,101.54803466796875,69.61000061035156,46.11759948730469,69.70172882080078,93.87999725341797,56.26429748535156,51.53974533081055,100.02999877929688,168.22764587402344,238.35133361816406,105.45026397705078,57.56999969482422,140.71090698242188,120.83610534667969,310.989990234375
2020-01-09,85.2373046875,75.61418914794922,43.599998474121094,70.23814392089844,65.99573516845703,101.87815856933594,70.19000244140625,46.27039337158203,70.33407592773438,95.55545806884766,57.24334716796875,51.31816864013672,99.4000015258789,167.1040496826172,241.48580932617188,106.19915008544922,58.060001373291016,142.4112548828125,121.07135772705078,311.3900146484375
2020-01-10,85.54986572265625,75.7851333618164,43.529998779296875,69.6201400756836,65.51844024658203,102.14408111572266,69.51000213623047,45.42551040649414,69.6051025390625,95.33692932128906,56.68018341064453,51.79984664916992,98.7300033569336,164.74252319335938,240.69003295898438,105.88631439208984,57.959999084472656,140.427490234375,120.53498840332031,310.2300109863281
2020-01-13,85.42288208007812,77.40422821044922,43.689998626708984,73.25081634521484,65.4985580444336,103.19863891601562,70.7699966430664,45.73110580444336,70.83470916748047,95.69204711914062,56.42890930175781,51.607181549072266,100.91000366210938,166.73268127441406,244.04766845703125,106.17070007324219,57.84000015258789,141.19798278808594,121.59832763671875,309.6199951171875
2020-01-14,85.94053649902344,76.35903930664062,43.66999816894531,75.49102783203125,65.80680847167969,103.44622802734375,71.36000061035156,45.84794998168945,71.94137573242188,95.48260498046875,56.43758773803711,52.30079650878906,102.13999938964844,168.99891662597656,242.04859924316406,105.7061996459961,57.900001525878906,141.587646484375,122.26644897460938,308.57000732421875
2020-01-15,86.55586242675781,76.03178405761719,44.04999923706055,77.36430358886719,66.21449279785156,104.30819702148438,72.69999694824219,45.560333251953125,71.35293579101562,95.97432708740234,56.316287994384766,52.926979064941406,102.29000091552734,169.4179229736328,245.54208374023438,106.3697738647461,57.540000915527344,136.45123291015625,123.02867126464844,311.30999755859375
2020-01-16,87.37628936767578,76.98419189453125,44.560001373291016,77.65398406982422,66.16477966308594,105.18852233886719,75.22000122070312,41.99208068847656,71.14212036132812,96.09270477294922,56.376949310302734,53.35086441040039,103.91999816894531,172.26502990722656,248.4727325439453,106.9480209350586,58.58000183105469,136.17462158203125,119.89509582519531,312.19000244140625
2020-01-17,88.02092742919922,77.83647918701172,45.16999816894531,78.11748504638672,66.24432373046875,105.43609619140625,73.5999984741211,41.506736755371094,71.24752044677734,97.71350860595703,56.376949310302734,53.668766021728516,103.5199966430664,170.18919372558594,250.00599670410156,108.20880889892578,59.650001525878906,136.8348846435547,120.91138458251953,309.0299987792969
2020-01-21,87.52281188964844,77.30900573730469,45.150001525878906,78.52304077148438,64.6235122680664,106.29806518554688,75.26000213623047,42.046016693115234,70.17599487304688,96.82115173339844,55.47587966918945,54.882598876953125,102.41000366210938,170.265380859375,248.75411987304688,108.02867889404297,57.95000076293945,135.3091278076172,118.4647445678711,310.8399963378906
2020-01-22,88.03067016601562,77.58495330810547,45.47999954223633,78.58096313476562,65.22013092041016,106.4539566040039,79.08000183105469,42.00107192993164,70.35163879394531,97.55870819091797,54.59214401245117,55.31611251831055,102.56999969482422,171.5222930908203,249.8507080078125,107.69690704345703,57.630001068115234,135.85342407226562,118.71881866455078,311.4800109863281
2020-01-23,86.99539184570312,77.95858764648438,45.2400016784668,79.08306884765625,66.8011703491211,107.17839050292969,78.63999938964844,42.2617301940918,70.08815002441406,96.50244903564453,54.704769134521484,56.828590393066406,102.98999786376953,173.82666015625,249.48194885253906,108.2846450805664,58.220001220703125,136.2549285888672,118.81292724609375,311.75
2020-01-24,86.20426177978516,77.73391723632812,44.9900016784668,78.38785552978516,66.34376525878906,107.63687896728516,80.55000305175781,41.5741081237793,68.8761215209961,96.53887939453125,54.254249572753906,56.366172790527344,106.66999816894531,170.82717895507812,248.05543518066406,107.94336700439453,55.84000015258789,134.17601013183594,118.38944244384766,309.8999938964844
2020-01-27,84.54383087158203,75.44812774658203,44.54999923706055,76.22489166259766,64.97154235839844,106.72907257080078,77.91000366210938,40.75980758666992,67.37423706054688,95.38246154785156,52.88533020019531,57.48366928100586,104.9800033569336,162.17152404785156,247.5702362060547,107.11864471435547,54.15999984741211,132.52532958984375,115.70755004882812,308.70001220703125
2020-01-28,85.14939880371094,77.58250427246094,44.65999984741211,77.44155883789062,65.17041778564453,106.65570068359375,78.97000122070312,40.68742752075195,67.83971405029297,95.92880249023438,53.006629943847656,59.13102340698242,107.08999633789062,167.5230255126953,252.49020385742188,109.58853912353516,55.0,133.56033325195312,116.7144546508789,313.69000244140625
2020-01-29,85.2080078125,79.20648956298828,44.130001068115234,77.95332336425781,66.51280212402344,106.65570068359375,79.91000366210938,40.22600555419922,67.17220306396484,95.64651489257812,52.4088020324707,58.50482940673828,109.68000030517578,163.51416015625,252.95602416992188,110.34996032714844,56.02000045776367,132.578857421875,116.14041900634766,316.2300109863281
2020-01-30,82.41462707519531,79.09172058105469,44.47999954223633,78.00160217285156,65.63776397705078,107.63687896728516,78.33999633789062,41.07648468017578,68.00658416748047,97.2491226196289,52.7553596496582,58.0905876159668,107.5,164.65682983398438,256.00299072265625,109.0745849609375,54.79999923706055,134.69349670410156,115.84870147705078,321.42999267578125
2020-01-31,80.63701629638672,75.58487701416016,44.15999984741211,77.518798828125,64.22576904296875,107.3159408569336,76.80999755859375,40.515525817871094,65.78746795654297,95.56456756591797,51.49041748046875,57.03089141845703,103.58999633789062,157.81991577148438,249.19081115722656,106.46668243408203,53.849998474121094,132.54318237304688,112.77156829833984,323.67999267578125
2020-02-03,80.23656463623047,75.37728881835938,44.68000030517578,78.01126098632812,64.28543853759766,108.81981658935547,77.58999633789062,40.904571533203125,66.42401885986328,96.80294036865234,51.2738151550293,56.587745666503906,103.73999786376953,161.80970764160156,253.2859344482422,107.9800033569336,54.189998626708984,133.42649841308594,114.18310546875,329.2699890136719
2020-02-04,81.57465362548828,77.86579132080078,44.869998931884766,87.31968688964844,65.39911651611328,107.49017333984375,81.79000091552734,41.5741081237793,67.63528442382812,96.55709075927734,48.94318771362305,55.556949615478516,104.27999877929688,170.25587463378906,258.9627380371094,109.19831848144531,54.75,134.42581176757812,115.30292510986328,337.44000244140625
2020-02-05,82.95179748535156,78.50074005126953,45.720001220703125,84.5677261352539,65.95596313476562,108.4621810913086,81.80999755859375,42.50601577758789,69.71294403076172,98.35092163085938,50.92724609375,57.49330520629883,104.06999969482422,163.09523010253906,256.5174255371094,111.06380462646484,55.11000061035156,137.21856689453125,117.49549102783203,330.239990234375
2020-02-06,82.8443832397461,79.41895294189453,46.13999938964844,83.95938873291016,63.65898132324219,107.89366912841797,83.52999877929688,43.01268768310547,69.81905364990234,102.74897766113281,50.6066780090332,58.37959671020508,102.91999816894531,163.53326416015625,260.0787658691406,110.83536529541016,55.099998474121094,136.3798370361328,117.02498626708984,333.010009765625
2020-02-07,81.23280334472656,78.33943176269531,46.150001525878906,79.70108032226562,63.59932327270508,107.8294677734375,82.8499984741211,42.750301361083984,69.5715103149414,102.73987579345703,50.24279022216797,58.64529037475586,101.3499984741211,157.21055603027344,259.58392333984375,111.05428314208984,52.810001373291016,136.8259735107422,115.3781967163086,329.739990234375
2020-02-10,82.46346282958984,78.71151733398438,46.779998779296875,80.38663482666016,64.0666732788086,108.48970031738281,85.44000244140625,42.06267166137695,69.38582611083984,103.87809753417969,50.138816833496094,59.43752670288086,109.30000305175781,160.84799194335938,260.48638916015625,111.90138244628906,51.0,137.28102111816406,113.75965881347656,332.19000244140625
2020-02-11,83.10807800292969,78.23661804199219,47.75,81.79642486572266,64.18599700927734,109.45254516601562,87.13999938964844,41.99934387207031,69.92514038085938,104.64295959472656,50.86660385131836,59.76601791381836,110.2300033569336,164.77110290527344,262.9705505371094,112.45343017578125,52.4900016784668,138.11077880859375,114.75711822509766,335.2900085449219
2020-02-12,83.44015502929688,80.09456634521484,47.040000915527344,83.84352111816406,65.17041778564453,108.1504135131836,87.9800033569336,42.12601852416992,70.1373291015625,103.56849670410156,51.77633285522461,59.514827728271484,113.72000122070312,167.56109619140625,265.3189697265625,113.02448272705078,54.209999084472656,138.48556518554688,115.14295959472656,338.42999267578125
2020-02-13,83.4792251586914,79.52420043945312,47.83000183105469,84.90568542480469,66.125,109.5809326171875,87.73999786376953,41.646480560302734,69.84557342529297,104.5792236328125,51.322608947753906,59.582454681396484,115.75,170.17967224121094,264.6979064941406,113.61458587646484,53.43000030517578,138.58370971679688,113.35502624511719,334.1700134277344
2020-02-14,83.82109069824219,79.54379272460938,47.68000030517578,86.55685424804688,66.11000061035156,110.45206451416016,87.11000061035156,41.52886962890625,69.65990447998047,104.90705108642578,51.14809799194336,59.717708587646484,113.26000213623047,167.85629272460938,269.608154296875,113.05303192138672,52.459999084472656,137.52194213867188,113.06330108642578,338.25
2020-02-18,82.8150863647461,78.08731079101562,47.88999938964844,85.64918518066406,65.48999786376953,110.5621109008789,87.30999755859375,40.97695541381836,68.59012603759766,103.66865539550781,50.868892669677734,59.737037658691406,111.0999984741211,161.1431884765625,272.37384033203125,113.69072723388672,51.689998626708984,135.07717895507812,112.29167175292969,332.9200134277344
2020-02-19,83.36203002929688,79.21822357177734,48.18000030517578,86.26718139648438,65.16999816894531,109.67261505126953,88.9000015258789,41.54696273803711,69.00564575195312,102.91287994384766,51.706520080566406,59.78534698486328,116.26000213623047,164.7139892578125,276.8668212890625,112.76750946044922,52.02000045776367,136.8259735107422,112.47045135498047,331.5899963378906
2020-02-20,82.37554931640625,78.40553283691406,47.900001525878906,91.06623077392578,65.36000061035156,109.33333587646484,86.45999908447266,41.465538024902344,69.15595245361328,102.09337615966797,51.374961853027344,59.9495849609375,116.97000122070312,160.09207153320312,270.6174011230469,111.43498992919922,48.5099983215332,137.83419799804688,112.80122375488281,334.1600036621094
2020-02-21,83.08854675292969,76.63079833984375,47.119998931884766,89.25090789794922,65.43000030517578,109.37478637695312,85.98999786376953,40.75076675415039,67.58221435546875,101.36490631103516,50.99103927612305,59.78534698486328,116.19000244140625,154.1782989501953,263.7857360839844,110.74020385742188,46.970001220703125,137.22747802734375,112.3759536743164,330.1499938964844
2020-02-24,78.62498474121094,72.99082946777344,45.650001525878906,86.52789306640625,63.0099983215332,107.08963012695312,82.41000366210938,39.02266311645508,64.12530517578125,97.86832427978516,49.19362258911133,58.384422302246094,112.77999877929688,147.106689453125,258.9139709472656,107.86579895019531,42.58000183105469,132.77517700195312,108.93597412109375,326.44000244140625
2020-02-25,76.13438415527344,70.5184555053711,44.38999938964844,82.87792205810547,58.810001373291016,104.80445098876953,79.51000213623047,37.62931823730469,61.3845329284668,95.35514831542969,46.96864700317383,56.12363815307617,107.30999755859375,141.0590362548828,252.8558349609375,105.7528305053711,39.310001373291016,126.11009979248047,103.60587310791016,322.0299987792969
2020-02-26,76.29066467285156,71.63715362548828,43.83000183105469,82.70410919189453,57.369998931884766,103.2840805053711,80.4000015258789,37.43026351928711,60.27937316894531,93.90731811523438,44.647701263427734,54.65509033203125,110.87000274658203,140.925048828125,253.80880737304688,107.1614761352539,36.209999084472656,123.76348114013672,103.09555053710938,324.32000732421875
2020-02-27,75.62651062011719,66.95436096191406,42.41999816894531,78.02091217041016,52.959999084472656,98.77824401855469,77.12000274658203,37.05931091308594,56.981605529785156,88.92649841308594,41.122657775878906,53.9691162109375,105.62000274658203,141.61402893066406,237.3362274169922,101.72679138183594,34.7400016784668,116.54519653320312,97.89776611328125,315.6499938964844
2020-02-28,75.27488708496094,66.9151840209961,40.43000030517578,79.03480529785156,50.459999084472656,95.13855743408203,77.37000274658203,36.10025405883789,56.106327056884766,84.90177154541016,42.24822235107422,51.466796875,102.98999786376953,147.0876007080078,233.4076385498047,99.5186538696289,37.2599983215332,112.7799301147461,98.71052551269531,313.3500061035156
2020-03-02,80.06076049804688,73.14505004882812,42.4900016784668,81.40052795410156,50.029998779296875,99.41404724121094,82.33999633789062,37.05931091308594,59.757747650146484,92.29562377929688,42.95498275756836,52.973995208740234,108.91000366210938,151.90087890625,252.35987854003906,102.80232238769531,35.59000015258789,118.34756469726562,99.52326202392578,331.6600036621094
2020-03-03,78.44918060302734,70.8219985961914,41.619998931884766,79.9424819946289,47.369998931884766,98.17011260986328,78.0999984741211,35.13216018676758,57.51207733154297,90.8478012084961,41.9864616394043,53.7082633972168,111.23999786376953,147.18328857421875,245.89341735839844,101.38414001464844,33.619998931884766,111.96798706054688,98.6538314819336,323.9700012207031
2020-03-04,82.38531494140625,74.10704803466797,43.08000183105469,83.30277252197266,49.689998626708984,104.03045654296875,80.66000366210938,36.64311599731445,59.580936431884766,95.091064453125,43.12948989868164,56.57773208618164,118.08000183105469,153.78598022460938,262.1423645019531,105.26742553710938,33.0,115.45668029785156,102.02764129638672,336.57000732421875
2020-03-05,78.5859146118164,71.7032470703125,41.16999816894531,81.85436248779297,43.459999084472656,102.3995132446289,75.16999816894531,35.557395935058594,56.13284683227539,92.09529113769531,41.6200065612793,54.79035186767578,116.51000213623047,149.93917846679688,245.6405487060547,101.4222183227539,28.59000015258789,107.6852035522461,97.00944519042969,323.44000244140625
2020-03-06,76.73017120361328,70.75102233886719,40.70000076293945,79.7590103149414,45.209999084472656,102.51007843017578,74.44000244140625,34.44453430175781,54.1789436340332,89.42731475830078,39.55208969116211,52.94499206542969,112.0,148.97268676757812,231.8907012939453,100.57512664794922,27.100000381469727,101.92130279541016,95.87538146972656,321.6499938964844
2020-03-09,69.10208892822266,65.15515899658203,36.650001525878906,70.45055389404297,43.189998626708984,96.87085723876953,66.11000061035156,31.62164878845215,45.41730499267578,82.58889770507812,29.727325439453125,47.457271575927734,101.06999969482422,138.67633056640625,205.03269958496094,95.06430053710938,19.809999465942383,88.10932922363281,92.057373046875,301.9800109863281
2020-03-10,71.21178436279297,69.84774780273438,37.83000183105469,72.6038818359375,46.779998779296875,97.14730834960938,67.11000061035156,33.06929016113281,49.13945007324219,87.40583038330078,30.434072494506836,49.263973236083984,108.05999755859375,147.91055297851562,221.32057189941406,98.1195297241211,20.5,96.39827728271484,96.37625885009766,299.1400146484375
2020-03-11,67.236572265625,67.4218978881836,35.880001068115234,67.65997314453125,45.70000076293945,94.76998901367188,60.470001220703125,30.943078994750977,44.90451431274414,81.95150756835938,28.4097957611084,44.07575225830078,102.08000183105469,138.67633056640625,205.43138122558594,94.17913055419922,15.029999732971191,90.9555892944336,91.64154815673828,288.4200134277344
2020-03-12,61.94282150268555,60.763671875,30.68000030517578,62.907203674316406,35.08000183105469,87.24182891845703,56.720001220703125,26.708759307861328,38.24707794189453,73.35570526123047,24.60553550720215,37.892391204833984,94.4000015258789,119.9590072631836,188.0057830810547,88.5160140991211,9.649999618530273,84.51355743408203,84.96005249023438,274.7099914550781
2020-03-13,67.58819580078125,68.04366302490234,32.77000045776367,66.03364562988281,37.95000076293945,92.7612533569336,62.43000030517578,30.879743576049805,45.125545501708984,82.4796371459961,27.38020133972168,37.96967697143555,99.51000213623047,139.10690307617188,207.19146728515625,93.88407897949219,11.100000381469727,95.45249938964844,89.01431274414062,287.1300048828125
2020-03-16,62.63628387451172,59.29005432128906,27.239999771118164,57.24663543701172,32.529998779296875,86.32038879394531,53.91999816894531,26.401142120361328,36.41695022583008,71.49813842773438,22.75575828552246,30.28879737854004,87.37000274658203,123.92066955566406,180.28485107421875,83.62382507324219,10.9399995803833,80.275390625,77.89106750488281,264.8299865722656
2020-03-17,68.79932403564453,61.89704895019531,30.219999313354492,65.11124420166016,32.529998779296875,99.59833526611328,57.150001525878906,27.11590576171875,35.58587646484375,77.97628784179688,22.90408706665039,30.172853469848633,94.80000305175781,143.18336486816406,196.51437377929688,87.46905517578125,10.029999732971191,85.6556396484375,78.08006286621094,286.32000732421875
2020-03-18,67.26589965820312,60.381805419921875,27.489999771118164,66.64533996582031,25.1299991607666,97.52507781982422,52.61000061035156,26.021135330200195,32.208526611328125,78.33414459228516,19.78040313720703,27.805789947509766,88.52999877929688,126.33209991455078,169.53973388671875,76.91374969482422,7.769999980926514,78.09832763671875,68.91307830810547,265.8599853515625
2020-03-19,64.22831726074219,59.91915512084961,27.059999465942383,60.14002990722656,24.18000030517578,90.77095794677734,62.0099983215332,27.143049240112305,35.046566009521484,75.17764282226562,22.32821273803711,28.994155883789062,88.5999984741211,121.87284088134766,173.0015411376953,75.2195816040039,8.229999542236328,82.46141052246094,72.35305786132812,264.1499938964844
2020-03-20,64.9120101928711,56.115150451660156,25.969999313354492,51.89674758911133,23.559999465942383,79.42803955078125,60.779998779296875,26.30161476135254,33.64964294433594,68.84632110595703,23.41888427734375,30.317779541015625,84.77999877929688,109.10757446289062,170.94972229003906,76.01908874511719,8.720000267028809,79.84711456298828,75.33942413330078,260.760009765625
2020-03-23,61.89398956298828,54.923030853271484,23.260000228881836,49.42085266113281,24.030000686645508,74.17583465576172,63.40999984741211,24.872081756591797,31.28904914855957,61.276248931884766,21.420774459838867,28.559385299682617,79.01000213623047,111.34675598144531,160.53521728515625,72.99240112304688,9.670000076293945,71.95072174072266,68.51615905761719,265.6600036621094
2020-03-24,65.43944549560547,60.43321228027344,25.600000381469727,54.40177917480469,28.90999984741211,81.6302719116211,69.83000183105469,28.047819137573242,35.948368072509766,71.58990478515625,26.821775436401367,31.77665901184082,85.70999908447266,130.485107421875,190.34930419921875,82.73867797851562,13.75,80.46276092529297,77.54139709472656,270.9800109863281
2020-03-25,67.39285278320312,60.10029983520508,25.719999313354492,58.27582550048828,29.84000015258789,83.20592498779297,71.1500015258789,28.626869201660156,37.009315490722656,68.11225891113281,26.99628257751465,35.776527404785156,87.7699966430664,131.54727172851562,201.41534423828125,82.67204284667969,16.959999084472656,82.13127899169922,81.00027465820312,262.1400146484375
2020-03-26,72.00292205810547,63.26295471191406,29.670000076293945,58.703041076660156,32.4900016784668,88.70691680908203,76.5199966430664,29.857357025146484,40.687255859375,72.23220825195312,27.999706268310547,37.94070053100586,96.37000274658203,143.30776977539062,218.14080810546875,81.72026062011719,15.710000038146973,91.82998657226562,84.82774353027344,289.0799865722656
2020-03-27,69.25837707519531,60.64373016357422,29.06999969482422,53.42112350463867,29.8700008392334,89.75736999511719,74.41000366210938,29.441162109375,38.72450637817383,69.69049072265625,25.521697998046875,35.63160705566406,88.95999908447266,136.11175537109375,214.1150360107422,81.33003234863281,12.020000457763672,89.34060668945312,80.32929229736328,282.8299865722656
2020-03-30,71.15799713134766,62.37437438964844,30.540000915527344,53.98426818847656,28.329999923706055,94.7423324584961,69.45999908447266,30.76212501525879,38.97206115722656,73.16812896728516,25.556602478027344,35.592960357666016,93.52999877929688,143.0780792236328,216.08900451660156,85.23234558105469,10.680000305175781,90.0901107788086,81.19873809814453,300.80999755859375
2020-03-31,70.1298599243164,62.247093200683594,28.459999084472656,54.731903076171875,28.469999313354492,91.43437957763672,70.7699966430664,30.472597122192383,37.23918914794922,69.23170471191406,26.874130249023438,32.84908676147461,93.16999816894531,137.5471649169922,205.66477966308594,82.29133605957031,10.960000038146973,85.40580749511719,79.0062255859375,296.55999755859375
2020-04-01,67.48603057861328,58.97182846069336,26.020000457763672,53.24635696411133,26.350000381469727,87.2049789428711,64.72000122070312,29.58592414855957,34.047508239746094,67.50664520263672,25.84453773498535,31.573776245117188,83.02999877929688,125.93974304199219,192.09963989257812,78.0654296875,9.550000190734863,77.93770599365234,75.50008392333984,291.5799865722656
2020-04-02,70.78590393066406,59.95587921142578,26.31999969482422,52.10065460205078,24.65999984741211,89.72050476074219,62.63999938964844,30.43640899658203,34.68406295776367,66.91020965576172,29.544097900390625,31.49648094177246,86.4800033569336,126.7339859008789,201.01666259765625,78.76022338867188,8.399999618530273,80.95350646972656,76.29393005371094,280.3399963378906
2020-04-03,68.95481872558594,59.0942268371582,24.610000610351562,51.168548583984375,24.690000534057617,86.76270294189453,61.5099983215332,30.535930633544922,33.14569854736328,65.17598724365234,28.715185165405273,31.05204963684082,84.66000366210938,122.4278564453125,203.02955627441406,76.04763793945312,8.460000038146973,76.01045227050781,76.01042175292969,284.82000732421875
2020-04-06,72.81285095214844,64.24943542480469,27.030000686645508,55.27562713623047,26.670000076293945,95.48871612548828,68.0,31.884033203125,36.35506057739258,71.03018188476562,28.619205474853516,35.60261535644531,92.0,142.10206604003906,222.83755493164062,83.119384765625,10.010000228881836,85.03998565673828,81.86974334716797,299.8500061035156
2020-04-07,72.48970031738281,63.50530242919922,27.8799991607666,55.34358215332031,29.030000686645508,90.68802642822266,68.95999908447266,31.48593521118164,36.46998977661133,73.2966079711914,29.029294967651367,35.3031120300293,89.63999938964844,140.925048828125,222.3999786376953,83.62167358398438,11.010000228881836,84.6920166015625,86.08464813232422,294.0299987792969
2020-04-08,75.09436798095703,65.13069915771484,28.690000534057617,60.02352523803711,29.139999389648438,94.58570098876953,72.4800033569336,32.25498962402344,39.131195068359375,74.39769744873047,31.132108688354492,38.307838439941406,96.3499984741211,145.80531311035156,220.2703857421875,89.56324005126953,11.720000267028809,88.77850341796875,88.22046661376953,308.92999267578125
2020-04-09,76.70022583007812,65.6006851196289,31.0,65.0724105834961,31.610000610351562,96.93537139892578,74.69999694824219,33.60309600830078,41.91617965698242,76.6916732788086,30.303207397460938,39.650787353515625,101.33999633789062,143.6522674560547,235.01211547851562,92.43354797363281,13.109999656677246,94.06060791015625,91.83055114746094,311.989990234375
2020-04-13,74.62434387207031,66.88825988769531,29.219999313354492,61.47022247314453,29.510000228881836,95.156982421875,73.48999786376953,32.571659088134766,41.270774841308594,75.82913208007812,29.92800521850586,37.322364807128906,99.04000091552734,145.53736877441406,224.7142791748047,90.91226959228516,11.359999656677246,90.0811767578125,88.53234100341797,306.0299987792969
2020-04-14,77.1898422241211,70.26632690429688,29.25,61.829471588134766,31.049999237060547,99.61676025390625,76.62000274658203,32.87928771972656,40.15678024291992,79.92153930664062,29.736051559448242,38.800567626953125,102.08000183105469,154.76205444335938,231.20025634765625,95.14119720458984,12.350000381469727,88.75173950195312,87.69124603271484,327.1300048828125
2020-04-15,75.44688415527344,69.62499237060547,27.350000381469727,56.55726623535156,30.079999923706055,97.99502563476562,74.12999725341797,31.332130432128906,37.893436431884766,76.10440826416016,28.095685958862305,36.44317626953125,96.80999755859375,146.61871337890625,223.4890594482422,92.13694763183594,12.079999923706055,83.43492126464844,83.6180648803711,323.45001220703125
2020-04-16,77.11149597167969,70.17820739746094,26.489999771118164,56.86796569824219,28.260000228881836,96.83399963378906,72.7699966430664,32.698326110839844,35.824588775634766,75.67316436767578,27.109716415405273,37.38999557495117,96.48999786376953,149.90090942382812,228.2344207763672,93.0171890258789,11.350000381469727,81.72887420654297,84.01498413085938,326.5
2020-04-17,77.89484405517578,69.22599029541016,27.149999618530273,59.683692932128906,29.93000030517578,102.0032958984375,76.72000122070312,33.82929229736328,40.18330764770508,78.72870635986328,30.765647888183594,38.530052185058594,99.30999755859375,154.26446533203125,232.75613403320312,94.28011322021484,12.380000114440918,91.62226104736328,88.18265533447266,326.7200012207031
2020-04-20,75.76019287109375,67.7890853881836,26.700000762939453,58.25640869140625,29.229999542236328,94.47511291503906,76.77999877929688,32.94261169433594,38.9101676940918,75.68232727050781,30.163593292236328,36.993873596191406,99.37000274658203,149.56597900390625,232.8631134033203,91.62029266357422,11.489999771118164,92.5700912475586,86.09410858154297,328.04998779296875
2020-04-21,72.21553802490234,65.69369506835938,25.290000915527344,56.178592681884766,28.290000915527344,92.87183380126953,70.5999984741211,31.856891632080078,36.75291442871094,73.56271362304688,28.959489822387695,36.73301315307617,94.1500015258789,142.18814086914062,221.96238708496094,88.69258117675781,11.0,89.36556243896484,83.17387390136719,312.8999938964844
2020-04-22,73.60598754882812,67.58589935302734,24.899999618530273,57.72239685058594,27.530000686645508,94.28162384033203,73.33000183105469,32.13737106323242,37.34527587890625,73.12226104736328,30.521331787109375,37.57356643676758,96.68000030517578,151.8434600830078,233.21315002441406,90.0129165649414,10.869999885559082,89.2752914428711,85.12069702148438,318.2200012207031
2020-04-23,73.52764129638672,67.32398986816406,24.260000228881836,58.89723205566406,28.200000762939453,93.36941528320312,70.75,31.9564208984375,37.5397834777832,71.93858337402344,31.56838035583496,37.8537483215332,96.97000122070312,152.58029174804688,233.3784637451172,88.58734130859375,11.470000267028809,89.75372314453125,85.54597473144531,319.3599853515625
2020-04-24,74.17391204833984,69.26760864257812,23.639999389648438,59.741947174072266,28.010000228881836,96.20744323730469,71.83999633789062,32.35451126098633,38.10561752319336,72.05786895751953,31.489852905273438,39.55416488647461,97.55000305175781,157.8146209716797,238.4350128173828,89.257080078125,10.859999656677246,90.92720031738281,87.64397430419922,314.7099914550781
2020-04-27,74.66352081298828,69.3165512084961,24.649999618530273,60.44102478027344,27.850000381469727,97.25788116455078,72.1500015258789,33.71440887451172,41.16468811035156,75.2694091796875,32.41474914550781,40.68456268310547,98.8499984741211,158.90548706054688,247.5367431640625,90.6061019897461,11.4399995803833,95.22396087646484,90.72483825683594,320.94000244140625
2020-04-28,73.88015747070312,68.19300079345703,24.75,62.441158294677734,31.579999923706055,98.732177734375,75.33999633789062,34.13424301147461,41.73936080932617,65.8917007446289,33.575218200683594,45.341407775878906,99.16000366210938,159.10646057128906,245.0765838623047,89.2283706665039,13.09000015258789,95.6753158569336,86.46265411376953,312.010009765625
2020-04-29,77.08212280273438,70.43280029296875,25.579999923706055,62.79071044921875,34.0,96.62208557128906,75.23999786376953,34.70010757446289,44.43593215942383,64.61626434326172,36.82978057861328,46.90657043457031,103.68000030517578,168.31199645996094,247.94517517089844,90.52957153320312,16.40999984741211,100.18871307373047,90.61141967773438,320.989990234375
2020-04-30,75.06498718261719,71.91865539550781,24.030000686645508,59.644859313964844,32.52000045776367,93.95911407470703,72.70999908447266,34.26201248168945,42.93292236328125,60.37702178955078,36.733795166015625,45.6215934753418,97.44000244140625,157.0203857421875,237.17086791992188,93.12242126464844,16.399999618530273,96.28914642333984,85.83893585205078,320.69000244140625
2020-05-01,72.66596984863281,70.76081848144531,23.110000610351562,55.77080535888672,30.110000610351562,92.23603820800781,69.5199966430664,32.85649108886719,40.6723518371582,55.92674255371094,34.151084899902344,44.9646110534668,93.29000091552734,143.79580688476562,235.16770935058594,92.9023666381836,13.84000015258789,92.94921112060547,83.16444396972656,314.7799987792969
2020-05-04,73.0086669921875,71.7619857788086,23.799999237060547,55.596031188964844,28.770000457763672,92.83497619628906,67.0,32.43666076660156,40.3149528503418,55.192684173583984,35.21558380126953,44.5684928894043,94.41000366210938,145.45126342773438,238.6197509765625,94.47146606445312,14.4399995803833,91.72156524658203,82.05873107910156,314.739990234375
2020-05-05,74.7810287475586,72.83905792236328,23.739999771118164,56.77086639404297,28.969999313354492,93.77482604980469,65.8499984741211,32.07157516479492,39.269554138183594,54.137447357177734,35.70418930053711,45.8148193359375,99.41999816894531,148.9248504638672,243.55960083007812,95.92574310302734,11.180000305175781,90.06062316894531,83.41960144042969,322.55999755859375
2020-05-06,76.24980926513672,73.5905532836914,23.420000076293945,56.24656295776367,27.829999923706055,88.96492767333984,66.12999725341797,31.48746681213379,38.37604904174805,48.74205780029297,35.32901382446289,45.66023635864258,99.5,156.75245666503906,234.82736206054688,94.60541534423828,11.119999885559082,88.91422271728516,83.92048645019531,326.3599853515625
2020-05-07,76.86668395996094,74.35184478759766,24.709999084472656,58.00396728515625,28.25,88.80826568603516,70.27999877929688,31.806903839111328,39.88606643676758,50.476287841796875,37.01301574707031,45.563621520996094,99.19999694824219,156.7811279296875,240.85630798339844,97.25566864013672,12.0,91.43270874023438,85.394775390625,332.5899963378906
2020-05-08,78.05152893066406,76.12154388427734,25.950000762939453,62.382896423339844,30.0,89.68363189697266,86.12999725341797,32.25411605834961,41.38715744018555,51.13695526123047,37.96478271484375,48.089813232421875,103.86000061035156,164.1111602783203,244.8043212890625,99.48493957519531,12.430000305175781,94.80874633789062,87.41915893554688,330.2300109863281
2020-05-11,79.57906341552734,77.3193359375,25.260000228881836,62.53825378417969,28.360000610351562,89.1768569946289,84.91999816894531,31.441831588745117,39.37677001953125,49.411895751953125,37.250953674316406,47.06187438964844,103.8499984741211,161.50830078125,246.07815551757812,99.59017944335938,11.729999542236328,92.18193817138672,85.93650817871094,335.6099853515625
2020-05-12,78.18861389160156,76.43572235107422,23.649999618530273,57.53791427612305,26.850000381469727,88.79906463623047,83.4800033569336,30.10932159423828,37.839942932128906,47.209686279296875,36.64287567138672,45.65574645996094,99.7300033569336,158.43663024902344,243.57907104492188,99.79112243652344,11.09000015258789,90.26824188232422,83.28484344482422,331.8999938964844
2020-05-13,78.49217224121094,75.5128173828125,22.239999771118164,58.1787223815918,25.520000457763672,88.86356353759766,80.16999816894531,29.652984619140625,36.276309967041016,44.53952407836914,35.153541564941406,44.30779266357422,97.9000015258789,157.00125122070312,240.88548278808594,100.5565185546875,10.3100004196167,87.3706283569336,80.06295776367188,331.739990234375
2020-05-14,79.94136047363281,75.97673797607422,22.850000381469727,57.97483825683594,26.139999389648438,87.43534088134766,75.5999984741211,29.607345581054688,37.58082962036133,46.31962966918945,35.188785552978516,44.763572692871094,100.66999816894531,169.1349334716797,246.86578369140625,101.51329040527344,10.760000228881836,88.3184585571289,81.70716094970703,334.0400085449219
2020-05-15,79.89239501953125,75.52754211425781,22.979999542236328,59.56718063354492,25.6299991607666,87.63806915283203,73.91000366210938,29.26053237915039,37.45573806762695,45.19100570678711,36.01718521118164,45.78180694580078,104.69999694824219,160.99069213867188,244.37644958496094,99.9537582397461,10.920000076293945,87.78587341308594,82.61003875732422,354.75
2020-05-18,81.91934967041016,77.30706024169922,24.360000610351562,62.07219696044922,29.049999237060547,90.78015899658203,74.86000061035156,30.78470230102539,40.806373596191406,48.78794479370117,38.42303466796875,50.33962631225586,111.41000366210938,165.68299865722656,252.64198303222656,102.3743896484375,12.880000114440918,93.93314361572266,87.29559326171875,352.0799865722656
2020-05-19,80.26449584960938,76.8603515625,24.280000686645508,61.66441345214844,28.65999984741211,88.73456573486328,74.7300033569336,30.59304428100586,39.69843673706055,47.79694366455078,37.603450775146484,50.40751266479492,110.12000274658203,165.88491821289062,247.4477996826172,100.96793365478516,12.430000305175781,91.28828430175781,88.59765625,352.8500061035156
2020-05-20,80.0099105834961,78.35514068603516,26.540000915527344,66.15985107421875,30.260000228881836,91.6002426147461,76.20999908447266,31.79777717590332,40.627681732177734,49.14579772949219,38.9077262878418,50.81480407714844,113.01000213623047,171.07725524902344,249.7378692626953,99.48493957519531,12.779999732971191,94.24005126953125,91.23030090332031,361.6300048828125
2020-05-21,79.06987762451172,77.7709732055664,27.450000762939453,65.99479675292969,31.84000015258789,90.0982894897461,76.55999755859375,31.92555809020996,40.20773696899414,52.715187072753906,38.52878189086914,51.39665603637695,114.44000244140625,165.79837036132812,247.30160522460938,100.0207290649414,14.029999732971191,93.14781188964844,90.37493896484375,354.42999267578125
2020-05-22,83.21186828613281,78.27169036865234,28.299999237060547,66.13072967529297,31.020000457763672,91.14103698730469,74.11000061035156,31.48746681213379,39.4035758972168,52.595909118652344,38.141014099121094,52.42457962036133,114.4000015258789,166.34645080566406,250.2738800048828,99.98246765136719,13.899999618530273,94.42961883544922,91.41089630126953,360.04998779296875
2020-05-26,84.33794403076172,77.74151611328125,29.389999389648438,72.75254821777344,35.029998779296875,90.46441650390625,75.80000305175781,33.66877365112305,43.040138244628906,54.357666015625,38.484718322753906,54.19922637939453,118.0,169.8464813232422,253.08047485351562,101.17840576171875,16.030000686645508,98.89789581298828,95.04146575927734,352.7799987792969
2020-05-27,84.38690948486328,78.08023071289062,29.920000076293945,72.85934448242188,35.7400016784668,91.92888641357422,75.69999694824219,35.20207595825195,46.694580078125,56.33965301513672,39.36597442626953,57.050289154052734,122.05000305175781,169.9330291748047,252.1936492919922,101.37934112548828,17.59000015258789,105.25276947021484,97.27494812011719,365.0
2020-05-28,84.88630676269531,78.11458587646484,29.040000915527344,73.7234878540039,34.459999084472656,94.24612426757812,73.19999694824219,34.30766296386719,43.924713134765625,55.57806396484375,37.903079986572266,54.21862030029297,117.98999786376953,167.89456176757812,258.04071044921875,101.98211669921875,16.06999969482422,104.5306167602539,97.55057525634766,370.45001220703125
2020-05-29,86.30612182617188,78.03849792480469,28.219999313354492,74.29632568359375,34.189998626708984,95.26568603515625,75.95999908447266,33.924320220947266,42.807830810546875,54.09157180786133,37.171634674072266,53.627071380615234,111.2699966430664,169.19264221191406,260.59393310546875,101.34107208251953,15.65999984741211,102.94192504882812,96.62866973876953,375.30999755859375
2020-06-01,88.03929138183594,78.99822235107422,29.100000381469727,75.17019653320312,36.11000061035156,95.42327880859375,89.75,34.40804672241211,44.1838264465332,54.72470474243164,38.23796463012695,53.326454162597656,110.56999969482422,169.19264221191406,269.9784851074219,102.08735656738281,17.290000915527344,103.51058959960938,98.24437713623047,375.8500061035156
2020-06-02,88.41139221191406,79.36393737792969,30.3799991607666,76.3061752319336,36.20000076293945,95.70133972167969,97.8499984741211,34.98303985595703,45.425804138183594,55.779930114746094,38.95178985595703,53.53009796142578,110.48999786376953,170.4714813232422,269.39373779296875,103.35028839111328,17.389999389648438,103.68211364746094,102.1885757446289,382.6600036621094
2020-06-03,88.60723876953125,79.80084991455078,32.349998474121094,76.64601135253906,39.29999923706055,97.10093688964844,91.18000030517578,35.90483474731445,47.659568786621094,58.60608673095703,39.762542724609375,54.955631256103516,112.22000122070312,178.89454650878906,275.3772888183594,104.50798797607422,17.979999542236328,108.06011199951172,106.14231872558594,378.1499938964844
2020-06-04,89.24370574951172,79.11358642578125,32.790000915527344,77.64608764648438,42.31999969482422,96.60041809082031,93.33999633789062,36.908790588378906,49.72356033325195,59.3034553527832,39.40122985839844,51.959102630615234,110.52999877929688,179.1253204345703,268.9942321777344,104.02002716064453,19.59000015258789,110.77720642089844,105.6100845336914,371.5799865722656
2020-06-05,88.49952697753906,81.36680603027344,34.97999954223633,81.85997009277344,42.720001220703125,96.88776397705078,92.79000091552734,38.60637283325195,52.591712951660156,63.11142349243164,42.82052230834961,54.77137756347656,114.83000183105469,185.0772705078125,272.5609436035156,106.67030334472656,22.43000030517578,115.5704345703125,108.29973602294922,358.42999267578125
2020-06-08,88.41139221191406,81.84789276123047,35.650001525878906,84.21934509277344,50.2400016784668,98.27810668945312,97.2699966430664,38.59724807739258,54.718257904052734,65.54302978515625,44.336299896240234,53.45252227783203,113.87000274658203,184.49073791503906,274.62689208984375,106.59374237060547,26.860000610351562,118.36874389648438,107.77703094482422,358.1700134277344
2020-06-09,87.9022216796875,84.43248748779297,34.380001068115234,82.52992248535156,46.099998474121094,96.693115234375,100.2699966430664,37.80320739746094,53.16355514526367,63.13895034790039,42.85577392578125,53.85011291503906,112.97000122070312,183.68304443359375,267.970947265625,105.66567993164062,24.1299991607666,113.90949249267578,105.89521026611328,355.6099853515625
2020-06-10,87.94136810302734,86.60472106933594,32.86000061035156,81.42304992675781,41.47999954223633,96.155517578125,103.25,36.461578369140625,49.911197662353516,59.8539924621582,40.45874786376953,54.577423095703125,113.2300033569336,185.35614013671875,269.7445983886719,105.35951232910156,20.649999618530273,107.35602569580078,103.63323211669922,363.8299865722656
2020-06-11,83.2608413696289,82.44680786132812,30.299999237060547,72.68816375732422,35.59000015258789,92.0123291015625,90.01000213623047,34.389793395996094,43.23671340942383,53.825477600097656,37.1187629699707,49.52503967285156,106.62999725341797,173.6349639892578,251.69664001464844,99.7241439819336,17.25,97.0473861694336,94.62327575683594,351.8999938964844
2020-06-12,84.31837463378906,83.15859985351562,30.610000610351562,75.41935729980469,38.470001220703125,93.08750915527344,94.08999633789062,35.083431243896484,46.68564224243164,56.00013732910156,38.537593841552734,52.366397857666016,105.44000244140625,177.58688354492188,260.1748962402344,99.8293685913086,20.5,99.9811019897461,96.59064483642578,342.7099914550781
2020-06-15,85.15067291259766,84.18702697753906,30.93000030517578,74.53170776367188,37.77000045776367,93.68998718261719,100.3499984741211,35.07429504394531,47.3379020690918,56.83515167236328,38.20271301269531,54.18952941894531,110.5,180.5291748046875,263.3225402832031,101.41761779785156,19.989999771118164,101.97603607177734,98.08279418945312,341.0799865722656
2020-06-16,85.62068939208984,86.41818237304688,31.219999313354492,77.28238677978516,38.209999084472656,94.78372192382812,93.66000366210938,35.33897399902344,48.65135192871094,58.57707595825195,39.75373458862305,56.255088806152344,114.76000213623047,185.56765747070312,267.5519104003906,102.7283935546875,20.959999084472656,103.75431823730469,99.5654525756836,342.79998779296875
2020-06-17,86.0906982421875,86.29790496826172,30.709999084472656,77.22386932373047,37.40999984741211,93.78266906738281,94.8499984741211,35.34811019897461,47.35577392578125,57.50226974487305,38.79315948486328,56.75936508178711,112.48999786376953,186.4330291748047,268.00994873046875,103.84780883789062,19.200000762939453,100.9198989868164,99.67000579833984,339.04998779296875
2020-06-18,86.37467956542969,86.33229064941406,30.549999237060547,76.87271881103516,37.45000076293945,94.0329360961914,91.80999755859375,35.2568359375,47.39151382446289,58.493690490722656,39.17209243774414,55.5762825012207,110.72000122070312,186.288818359375,267.8833312988281,103.73299407958984,19.309999465942383,99.95402526855469,99.24229431152344,342.54998779296875
2020-06-19,86.88384246826172,85.83892059326172,29.329999923706055,76.42402648925781,36.290000915527344,92.42941284179688,90.12000274658203,35.804447174072266,47.2842903137207,58.5307502746582,38.51115417480469,54.36408233642578,113.52999877929688,185.6734161376953,268.2146301269531,99.10224151611328,18.219999313354492,97.69732666015625,98.57701110839844,333.2099914550781
2020-06-22,86.68798828125,88.08479309082031,29.709999084472656,73.91720581054688,36.470001220703125,92.80017852783203,92.5,35.165565490722656,46.5158805847168,58.18791961669922,38.387779235839844,54.74229049682617,117.0199966430664,184.4811553955078,269.5205078125,100.99664306640625,17.09000015258789,97.9952163696289,98.52949523925781,338.29998779296875
2020-06-23,87.42240905761719,89.9649429321289,29.559999465942383,74.24884796142578,36.83000183105469,91.61375427246094,95.54000091552734,35.33897399902344,47.31110382080078,59.10521697998047,38.608089447021484,54.69380187988281,116.69000244140625,185.7791748046875,269.96875,101.18800354003906,18.030000686645508,97.24598693847656,98.54850769042969,334.4700012207031
2020-06-24,84.75899505615234,88.37687683105469,28.450000762939453,71.5176773071289,34.38999938964844,91.72499084472656,93.43000030517578,33.97908020019531,45.39900207519531,57.45594024658203,36.12294387817383,52.453678131103516,113.2699966430664,181.36573791503906,258.7618408203125,99.4371109008789,15.800000190734863,93.3193130493164,96.8282470703125,338.4700012207031
2020-06-25,85.44442749023438,89.55013275146484,28.8799991607666,72.13217163085938,35.47999954223633,89.97317504882812,95.94999694824219,34.81875228881836,47.069847106933594,59.05889129638672,37.065887451171875,52.473079681396484,114.81999969482422,184.95230102539062,269.1306457519531,102.35526275634766,16.079999923706055,96.09053802490234,97.67412567138672,340.32000732421875
2020-06-26,84.11273956298828,86.79863739013672,27.700000762939453,72.80521392822266,34.29999923706055,90.33464813232422,96.05999755859375,33.148536682128906,44.29998779296875,57.446678161621094,35.558921813964844,51.42574691772461,117.75,182.27920532226562,262.12396240234375,100.22166442871094,15.279999732971191,91.10773468017578,97.07537078857422,340.7900085449219
2020-06-29,85.65328979492188,88.7990493774414,28.3700008392334,74.45368957519531,36.90999984741211,91.18737030029297,95.80000305175781,33.72353744506836,44.93437957763672,59.06816482543945,36.39612579345703,52.9676513671875,118.87999725341797,184.35610961914062,262.25054931640625,100.7287368774414,16.559999465942383,92.82283782958984,98.7861099243164,339.8599853515625
2020-06-30,86.71305084228516,89.54031372070312,28.649999618530273,75.3120346069336,36.2599983215332,92.2996597290039,98.12999725341797,35.27509689331055,45.65810775756836,59.32758331298828,37.030635833740234,53.77253341674805,121.93000030517578,187.0003662109375,267.72735595703125,102.7283935546875,16.43000030517578,94.97122192382812,100.80098724365234,346.8800048828125
2020-07-01,86.45792388916016,89.37094116210938,28.149999618530273,74.1903076171875,35.70000076293945,93.32849884033203,99.37000274658203,34.30766296386719,44.987979888916016,59.392452239990234,35.902618408203125,52.23064041137695,121.08999633789062,185.72149658203125,271.2940368652344,102.88148498535156,16.420000076293945,92.82283782958984,101.07660675048828,350.32000732421875
2020-07-02,87.0172348022461,89.37094116210938,28.09000015258789,76.62884521484375,36.4900016784668,93.78266906738281,100.33999633789062,34.62708282470703,45.16668701171875,60.10590362548828,36.81912612915039,52.43428421020508,122.7300033569336,188.9522705078125,270.9237365722656,103.22591400146484,15.970000267028809,92.2090072631836,103.66172790527344,355.2200012207031
2020-07-06,87.63542175292969,91.76164245605469,28.5,79.22347259521484,37.08000183105469,93.83828735351562,99.63999938964844,35.18381881713867,46.43545913696289,63.061622619628906,36.68693542480469,54.22831344604492,124.88999938964844,195.75999450683594,276.4200134277344,103.2546157836914,16.1299991607666,93.29222106933594,104.43155670166016,352.4700012207031
2020-07-07,87.53730010986328,91.4769287109375,27.510000228881836,76.08262634277344,36.099998474121094,92.75382232666016,96.05999755859375,34.471927642822266,44.96117401123047,63.28400802612305,35.81448745727539,54.839263916015625,124.52999877929688,194.8946075439453,278.0961608886719,102.70925903320312,15.270000457763672,90.0064468383789,103.04396057128906,352.5199890136719
2020-07-08,87.86109924316406,93.60742950439453,27.649999618530273,76.03385925292969,36.2599983215332,92.1142807006836,96.93000030517578,35.43024826049805,45.461544036865234,64.06229400634766,36.166996002197266,57.06967544555664,126.58000183105469,196.6446075439453,286.74005126953125,104.36447143554688,15.989999771118164,90.39461517333984,101.19066619873047,355.0400085449219
2020-07-09,88.23397064208984,94.00997161865234,27.040000915527344,73.887939453125,34.439998626708984,90.54783630371094,96.43000030517578,33.906070709228516,44.1838264465332,62.41302490234375,33.796390533447266,56.28418731689453,126.61000061035156,195.75999450683594,286.7887878417969,103.55121612548828,15.199999809265137,89.23017120361328,99.86958312988281,361.2900085449219
2020-07-10,87.74335479736328,94.1744155883789,28.229999542236328,76.95073699951172,35.72999954223633,91.84547424316406,95.91000366210938,35.02867126464844,47.04304885864258,65.30390930175781,34.977291107177734,56.88542556762695,127.37000274658203,194.4811553955078,285.4537353515625,104.72803497314453,16.399999618530273,91.71253204345703,101.73239135742188,359.7300109863281
2020-07-13,87.58636474609375,93.73995971679688,28.290000915527344,79.55510711669922,34.880001068115234,92.401611328125,90.7699966430664,35.46675491333008,46.640968322753906,64.94253540039062,34.95085906982422,55.18836212158203,126.63999938964844,191.8946075439453,278.4762268066406,104.05829620361328,15.600000381469727,92.68742370605469,103.95635223388672,344.9700012207031
2020-07-14,88.98955535888672,95.29122924804688,28.899999618530273,82.08145141601562,35.4900016784668,93.08750915527344,92.83000183105469,35.56714630126953,44.80928421020508,67.37013244628906,36.404937744140625,57.36060333251953,131.1300048828125,193.20228576660156,283.81646728515625,105.47431182861328,15.329999923706055,91.40562438964844,106.1803207397461,347.57000732421875
2020-07-15,91.13847351074219,95.94657135009766,30.34000015258789,84.47122955322266,38.7599983215332,93.28215026855469,92.63999938964844,33.64139175415039,46.319305419921875,68.12063598632812,36.678123474121094,58.23337936401367,133.9499969482422,188.5003662109375,286.0383605957031,106.75639343261719,18.5,93.9421615600586,109.88694763183594,351.2200012207031
2020-07-16,91.11885833740234,94.76595306396484,30.81999969482422,84.32489776611328,37.279998779296875,93.19874572753906,91.08000183105469,33.53187942504883,45.97977828979492,70.24244689941406,36.65169143676758,60.648048400878906,132.5399932861328,188.5003662109375,282.00390625,106.9955825805664,15.609999656677246,95.83158874511719,109.54481506347656,351.32000732421875
2020-07-17,92.60054779052734,94.57450103759766,30.690000534057617,86.2854995727539,37.0,93.67144775390625,90.72000122070312,32.96601104736328,44.871829986572266,71.030029296875,35.57448196411133,61.55961608886719,134.80999755859375,189.61575317382812,285.05413818359375,108.77519226074219,15.270000457763672,94.03343200683594,106.33238983154297,355.79998779296875
2020-07-20,93.42478942871094,96.56755828857422,30.040000915527344,84.9004135131836,35.88999938964844,92.51284790039062,92.23999786376953,32.80173110961914,44.80035400390625,71.4006576538086,35.01362228393555,61.57900619506836,136.63999938964844,195.20230102539062,286.4379577636719,108.57426452636719,14.890000343322754,93.96041870117188,103.96585845947266,370.3999938964844
2020-07-21,94.2196044921875,95.23475646972656,30.43000030517578,85.03697204589844,36.20000076293945,94.68177032470703,92.11000061035156,33.486236572265625,46.22102737426758,72.41060638427734,37.087913513183594,60.812904357910156,136.10000610351562,195.6830596923828,283.4656677246094,109.45447540283203,14.979999542236328,98.3051986694336,104.69766998291016,369.0
2020-07-22,94.54342651367188,95.50230407714844,30.739999771118164,85.53443145751953,36.29999923706055,96.42431640625,89.12000274658203,32.89299011230469,46.158477783203125,74.32856750488281,36.40241622924805,62.83968734741211,135.5399932861328,198.0196075439453,286.0189208984375,110.5165023803711,14.65999984741211,97.32853698730469,106.14231872558594,367.8599853515625
2020-07-23,94.84761810302734,91.1553726196289,31.190000534057617,85.76852416992188,36.66999816894531,96.11843872070312,87.52999877929688,33.349334716796875,46.53374481201172,76.59867095947266,36.01961135864258,61.94751739501953,136.82000732421875,196.07730102539062,280.7760009765625,110.29644775390625,14.40999984741211,97.9765853881836,105.3344497680664,363.4599914550781
2020-07-24,93.03229522705078,90.9295654296875,30.850000381469727,84.9004135131836,35.060001373291016,95.46961975097656,85.62000274658203,33.34933090209961,46.16741180419922,77.11754608154297,35.859352111816406,61.821449279785156,135.25,180.9715118408203,282.2962646484375,110.10911560058594,14.380000114440918,97.52020263671875,105.07784271240234,357.19000244140625
2020-07-27,95.44615936279297,93.0846176147461,30.1299991607666,83.67137145996094,34.150001525878906,95.07105255126953,86.44000244140625,32.90749740600586,45.827880859375,76.39481353759766,35.405338287353516,64.55613708496094,138.35000610351562,189.49073791503906,282.120849609375,110.09953308105469,13.380000114440918,95.7677001953125,104.76421356201172,359.0899963378906
2020-07-28,93.51310729980469,91.55546569824219,30.100000381469727,81.64250946044922,35.0,96.95262908935547,85.8499984741211,33.202056884765625,45.81000900268555,77.2750473022461,34.68423080444336,62.626338958740234,135.30999755859375,185.06765747070312,275.4551696777344,109.71526336669922,14.220000267028809,95.685546875,103.19603729248047,347.260009765625
2020-07-29,95.27936553955078,93.3104476928711,30.860000610351562,81.76931762695312,34.7599983215332,97.93514251708984,84.88999938964844,33.45979690551758,46.92688751220703,77.31210327148438,35.556678771972656,64.58521270751953,139.72999572753906,187.6253662109375,283.9334411621094,111.0313491821289,14.34000015258789,99.4461441040039,104.93528747558594,350.7699890136719
2020-07-30,94.13129425048828,94.43950653076172,31.110000610351562,80.95972442626953,34.65999984741211,97.71269226074219,84.87999725341797,33.00875473022461,45.452606201171875,73.94868469238281,33.50910949707031,64.05187225341797,147.83999633789062,190.288818359375,276.536865234375,112.11686706542969,14.170000076293945,96.99993133544922,102.8348617553711,350.0400085449219
2020-07-31,94.52378845214844,104.32625579833984,30.75,80.43299102783203,34.439998626708984,98.24101257324219,83.12999725341797,32.99955368041992,45.13671112060547,72.20675659179688,33.286537170410156,64.1585464477539,157.5800018310547,192.14459228515625,274.1298828125,112.0112075805664,13.640000343322754,97.36505126953125,102.31214904785156,357.25
2020-08-03,97.2320327758789,106.95502471923828,30.950000762939453,81.2816162109375,34.0,97.6107406616211,88.5,33.16523742675781,45.47968292236328,72.64225769042969,32.68115997314453,66.2531967163086,162.6699981689453,199.66383361816406,273.4769287109375,111.26189422607422,13.0600004196167,96.6895980834961,102.05554962158203,363.9700012207031
2020-08-04,95.70128631591797,107.66928100585938,30.3700008392334,83.2324447631836,34.29999923706055,97.14727783203125,89.51000213623047,32.9903450012207,45.25404739379883,71.77128601074219,33.50910949707031,65.30284118652344,164.57000732421875,197.0196075439453,268.9649963378906,112.77010345458984,13.5600004196167,96.10541534423828,102.44519805908203,365.94000244140625
2020-08-05,96.05455017089844,108.05955505371094,30.81999969482422,86.42206573486328,35.7599983215332,96.10919189453125,92.63999938964844,33.41376876831055,46.06634521484375,73.71704864501953,33.84739303588867,66.0301513671875,170.4199981689453,196.1446075439453,270.5436706542969,113.76918029785156,13.720000267028809,97.2646255493164,106.12329864501953,365.5899963378906
2020-08-06,95.622802734375,111.82965850830078,31.31999969482422,81.29136657714844,36.41999816894531,97.04534149169922,91.66999816894531,33.128421783447266,45.93095779418945,73.61512756347656,33.87410354614258,65.5743637084961,172.97999572753906,195.75999450683594,272.2003479003906,114.09578704833984,14.239999771118164,97.69364166259766,105.91422271728516,364.1099853515625
2020-08-07,95.94660949707031,109.2871322631836,32.4900016784668,82.36433410644531,36.61000061035156,97.98150634765625,83.87999725341797,34.74847412109375,47.041099548339844,75.6720962524414,34.0966682434082,66.3113784790039,178.60000610351562,195.0484619140625,268.4971923828125,113.10633850097656,13.989999771118164,100.13072967529297,108.59789276123047,356.8800048828125
2020-08-10,95.31859588623047,110.8756103515625,32.72999954223633,85.07598114013672,39.25,98.287353515625,83.13999938964844,34.923370361328125,47.70899200439453,77.29357147216797,35.28960037231445,67.59143829345703,166.32000732421875,195.27920532226562,264.23858642578125,111.82867431640625,15.130000114440918,100.09420776367188,110.53662109375,336.3699951171875
2020-08-11,94.49435424804688,107.57817077636719,32.849998474121094,90.17743682861328,38.97999954223633,95.96086883544922,79.2300033569336,35.10747146606445,48.52128601074219,77.01560974121094,35.35192108154297,67.11993408203125,164.86000061035156,192.82730102539062,267.53240966796875,112.37625885009766,15.640000343322754,102.65910339355469,115.4551010131836,326.94000244140625
2020-08-12,95.79942321777344,111.1534652709961,32.599998474121094,88.7825698852539,38.459999084472656,97.28631591796875,79.76000213623047,34.9601936340332,48.1512451171875,75.0605697631836,37.087913513183594,69.2781982421875,171.3000030517578,200.00038146972656,271.7325439453125,112.05921936035156,15.229999542236328,102.23009490966797,115.55059051513672,328.760009765625
2020-08-13,96.91803741455078,113.12059783935547,32.36000061035156,89.34830474853516,37.790000915527344,96.9711685180664,80.41000366210938,34.31584930419922,47.73606872558594,73.735595703125,36.17095947265625,69.49207305908203,174.8800048828125,201.88499450683594,274.7828063964844,112.53955078125,15.34000015258789,101.32644653320312,113.4686050415039,338.29998779296875
2020-08-14,95.54430389404297,113.01978302001953,32.25,90.118896484375,37.68000030517578,96.85994720458984,79.58000183105469,34.54597091674805,47.77216339111328,74.2266616821289,36.3400993347168,69.40457916259766,175.35000610351562,204.2509002685547,273.88623046875,112.02079772949219,15.75,102.00190734863281,113.63096618652344,335.57000732421875
2020-08-17,95.68167877197266,112.7247085571289,31.760000228881836,89.5141372680664,36.2599983215332,96.50772094726562,79.62000274658203,34.14095687866211,46.4093132019043,72.4847412109375,36.233272552490234,71.29063415527344,182.1999969482422,209.19517517089844,276.3907165527344,111.92474365234375,15.390000343322754,100.70577239990234,113.57366943359375,340.80999755859375
2020-08-18,96.02510833740234,113.66403198242188,31.579999923706055,89.93356323242188,36.189998626708984,95.46961975097656,79.3499984741211,33.864810943603516,45.43455123901367,73.17964172363281,35.90388107299805,71.49478149414062,181.67999267578125,204.49234008789062,278.21307373046875,112.32820129394531,15.199999809265137,97.7392807006836,113.35399627685547,340.0400085449219
2020-08-19,96.12323760986328,113.806640625,31.399999618530273,89.98233032226562,35.849998474121094,95.13594055175781,80.95999908447266,34.048912048339844,45.38943099975586,72.46620178222656,35.29850769042969,71.97114562988281,181.1999969482422,203.314208984375,275.0494384765625,111.5308609008789,15.680000305175781,97.1094741821289,113.3062515258789,338.17999267578125
2020-08-20,95.94660949707031,116.33197021484375,31.399999618530273,88.81182861328125,35.77000045776367,94.26465606689453,81.75,33.01795959472656,44.748619079589844,72.25308990478516,34.51508331298828,72.52529907226562,182.4499969482422,199.75086975097656,276.7777404785156,111.48284912109375,15.579999923706055,96.8265151977539,112.92424011230469,339.5
2020-08-21,96.45686340332031,122.32683563232422,30.899999618530273,87.53404235839844,35.43000030517578,93.99898529052734,82.61000061035156,32.88909149169922,44.49589920043945,71.66008758544922,33.97203063964844,74.82939910888672,186.7100067138672,196.96969604492188,277.7639465332031,109.00438690185547,15.5600004196167,97.16423034667969,112.91468811035156,339.9100036621094
2020-08-24,95.76998138427734,123.78990173339844,31.950000762939453,89.7189712524414,37.52000045776367,94.99641418457031,83.25,33.50582504272461,46.08439254760742,73.68000030517578,34.60410690307617,74.05164337158203,188.1300048828125,201.2090301513672,277.5198669433594,108.18782806396484,16.739999771118164,100.22200012207031,115.63655090332031,340.0199890136719
2020-08-25,96.49610900878906,122.77436828613281,31.469999313354492,88.8508529663086,37.709999084472656,93.62613677978516,85.2300033569336,33.75434875488281,46.61690902709961,73.52249145507812,34.586299896240234,73.38084411621094,186.3699951171875,203.06314086914062,278.6524963378906,108.54325866699219,16.75,101.10738372802734,114.4332046508789,342.2300109863281
2020-08-26,97.46753692626953,124.44397735595703,31.389999389648438,89.6409683227539,36.689998626708984,92.5634765625,85.19000244140625,33.70832443237305,45.894859313964844,72.73490142822266,33.43788146972656,72.01004028320312,190.82000732421875,204.94619750976562,285.06756591796875,109.724853515625,15.720000267028809,100.6875228881836,114.55735778808594,343.8299865722656
2020-08-27,97.1633529663086,122.95633697509766,32.310001373291016,88.88987731933594,38.5,92.26517486572266,85.38999938964844,34.56438064575195,46.680084228515625,74.55095672607422,33.96312713623047,70.48371124267578,186.64999389648438,197.43321228027344,285.2726745605469,110.16675567626953,16.649999618530273,102.68647003173828,115.35958862304688,340.3800048828125
2020-08-28,98.02686309814453,122.75713348388672,32.27000045776367,90.05060577392578,40.72999954223633,92.82447052001953,83.83999633789062,34.573585510253906,47.18550491333008,74.48609161376953,34.16788101196289,69.8420639038086,189.02000427246094,201.450439453125,287.45013427734375,109.51351165771484,17.690000534057617,102.54956817626953,116.62979888916016,337.6300048828125
2020-08-31,98.537109375,126.92009735107422,31.540000915527344,88.77283477783203,38.95000076293945,93.04818725585938,85.68000030517578,34.03969955444336,46.138545989990234,73.57806396484375,33.73166275024414,69.38513946533203,189.97999572753906,198.0995635986328,287.6941833496094,110.3877182006836,17.110000610351562,101.4998779296875,114.98711395263672,345.30999755859375
2020-09-01,99.22398376464844,131.9756622314453,31.600000381469727,94.99598693847656,39.150001525878906,90.8203353881836,87.43000030517578,34.25141143798828,46.210750579833984,74.12474060058594,33.0817756652832,71.31979370117188,193.25,200.81309509277344,289.0904541015625,110.9352798461914,16.940000534057617,101.864990234375,118.4252700805664,347.6199951171875
2020-09-02,101.48085021972656,129.2413330078125,32.130001068115234,97.200439453125,40.470001220703125,91.75248718261719,88.12999725341797,34.67483901977539,46.88766860961914,75.6720962524414,32.387386322021484,70.86286926269531,191.47999572753906,208.14260864257812,297.3119812011719,114.23029327392578,16.989999771118164,102.59521484375,120.31626892089844,349.7799987792969
2020-09-03,97.77173614501953,118.8941650390625,32.119998931884766,90.88948059082031,40.38999938964844,91.435546875,84.54000091552734,33.9200325012207,46.48151779174805,74.6714096069336,32.040184020996094,68.59766387939453,178.07000732421875,194.49757385253906,284.3840637207031,111.99198913574219,17.6299991607666,101.92887878417969,117.26966857910156,340.3299865722656
2020-09-04,95.02423095703125,118.97284698486328,31.8700008392334,92.3916244506836,40.81999969482422,90.62457275390625,82.66999816894531,34.51836013793945,47.402122497558594,75.12541961669922,31.92444610595703,66.33246612548828,178.50999450683594,186.73345947265625,275.8110656738281,110.86803436279297,18.420000076293945,103.23414611816406,117.09776306152344,329.80999755859375
2020-09-08,93.3561019897461,110.96656799316406,31.0,90.85045623779297,41.599998474121094,89.59920501708984,81.3499984741211,33.1744384765625,46.06634521484375,73.33716583251953,30.321992874145508,66.11859130859375,174.8000030517578,168.4821319580078,272.1299743652344,109.01398468017578,18.530000686645508,100.67839050292969,115.55059051513672,325.4100036621094
2020-09-09,96.09379577636719,115.39264678955078,31.549999237060547,93.07441711425781,40.66999816894531,90.09324645996094,85.23999786376953,33.0363655090332,46.39126968383789,73.04993438720703,30.678096771240234,68.12128448486328,183.9499969482422,168.4724884033203,281.6110534667969,112.15528869628906,17.93000030517578,100.32241821289062,119.70503997802734,329.6300048828125
2020-09-10,96.7218017578125,111.62557220458984,31.15999984741211,91.20159912109375,40.88999938964844,87.87471008300781,84.29000091552734,32.7418098449707,45.9851188659668,71.55816650390625,29.307104110717773,67.79074096679688,180.02999877929688,167.1881561279297,277.0901794433594,111.06016540527344,17.93000030517578,98.77983856201172,120.08705139160156,326.3999938964844
2020-09-11,96.75122833251953,110.1600570678711,30.729999542236328,92.6257095336914,40.33000183105469,86.88661193847656,83.91000366210938,33.13761901855469,46.03024673461914,71.27094268798828,29.476259231567383,69.40457916259766,178.41000366210938,166.03897094726562,278.2228088378906,111.22347259521484,17.510000228881836,101.0891342163086,121.38590240478516,325.3299865722656
2020-09-14,97.55584716796875,113.46485137939453,31.040000915527344,95.75679779052734,41.5099983215332,86.9891586303711,83.83999633789062,33.100799560546875,43.457969665527344,71.96586608886719,29.841257095336914,70.69758605957031,184.10000610351562,171.96824645996094,281.8746643066406,113.16397857666016,17.790000915527344,104.21993255615234,124.35610961914062,330.04998779296875
2020-09-15,98.48804473876953,113.64189147949219,30.290000915527344,95.97140502929688,42.18000030517578,86.0849609375,84.4000015258789,32.097469329833984,40.44343948364258,70.94806671142578,30.09053611755371,69.77400207519531,187.11000061035156,174.55625915527344,280.1853942871094,113.95169830322266,16.969999313354492,101.58203125,124.07911682128906,336.1300048828125
2020-09-16,98.04647064208984,110.28791046142578,30.610000610351562,95.39588928222656,43.119998931884766,87.52049255371094,83.7300033569336,32.7418098449707,41.535526275634766,72.08723449707031,31.230052947998047,72.30171203613281,186.52000427246094,174.6045379638672,280.05853271484375,114.1534423828125,17.5,103.7270278930664,123.23867797851562,331.0799865722656
2020-09-17,97.73248291015625,108.52731323242188,30.420000076293945,98.36800384521484,42.150001525878906,87.08238220214844,82.83000183105469,32.732608795166016,41.09326934814453,72.31136322021484,32.12921142578125,71.2809066772461,184.08999633789062,174.2955322265625,276.0453796386719,113.24082946777344,17.260000228881836,102.12055206298828,123.43925476074219,333.67999267578125
2020-09-18,97.51660919189453,105.0848159790039,29.479999542236328,95.92961883544922,41.040000915527344,85.75871276855469,82.55000305175781,32.585330963134766,40.48856735229492,72.84362030029297,31.93335723876953,70.66844177246094,182.67999267578125,172.8180389404297,274.2000427246094,113.0390853881836,16.25,102.01103973388672,120.11570739746094,332.510009765625
2020-09-21,96.2900390625,108.2716064453125,28.889999389648438,93.15827178955078,37.63999938964844,86.01038360595703,83.18000030517578,31.269023895263672,39.64918518066406,70.44381713867188,30.589069366455078,70.1142807006836,181.22999572753906,174.88458251953125,273.4383850097656,111.69416809082031,14.989999771118164,99.34574127197266,114.6815185546875,328.9599914550781
2020-09-22,96.77085876464844,109.9731674194336,29.0,93.26597595214844,37.880001068115234,87.36201477050781,86.87999725341797,30.8179874420166,39.07155227661133,70.85466766357422,30.535654067993164,73.41001892089844,182.89999389648438,177.00909423828125,272.5498352050781,111.69416809082031,15.329999923706055,96.1693115234375,115.38822174072266,344.0299987792969
2020-09-23,95.09290313720703,105.3602294921875,27.93000030517578,78.7531509399414,36.86000061035156,86.56968688964844,86.70999908447266,30.606279373168945,37.77186965942383,69.98626708984375,29.307104110717773,69.1906967163086,175.75999450683594,174.58522033691406,267.2087707519531,110.03226470947266,15.170000076293945,93.54053497314453,113.00064086914062,338.79998779296875
2020-09-24,94.53359985351562,106.44214630126953,28.139999389648438,81.58325958251953,35.70000076293945,87.24083709716797,85.38999938964844,30.505020141601562,38.0787353515625,71.25619506835938,29.912477493286133,69.99761962890625,178.07000732421875,178.20654296875,269.0151672363281,108.29349517822266,14.630000114440918,94.42591857910156,113.60230255126953,334.239990234375
2020-09-25,95.8582992553711,110.43545532226562,28.450000762939453,82.7681655883789,36.70000076293945,88.78821563720703,87.19999694824219,30.744346618652344,37.92531204223633,71.77911376953125,30.001508712768555,69.83235168457031,180.66000366210938,181.46090698242188,273.8777770996094,108.51443481445312,16.6299991607666,95.74943542480469,114.8438720703125,345.4599914550781
2020-09-28,97.6441650390625,113.07141876220703,29.260000228881836,83.08154296875,37.540000915527344,88.59246826171875,87.91000366210938,31.5635929107666,39.11668014526367,73.78671264648438,30.010408401489258,72.41836547851562,190.17999267578125,186.6175994873047,278.43768310546875,110.03226470947266,16.68000030517578,98.69767761230469,116.26687622070312,346.69000244140625
2020-09-29,98.34085083007812,112.21570587158203,28.8700008392334,85.0596694946289,36.66999816894531,88.64838409423828,88.62000274658203,31.176982879638672,38.28632354736328,72.73155212402344,28.897592544555664,71.96143341064453,188.13999938964844,186.69482421875,278.99420166015625,109.56155395507812,16.559999465942383,97.60237121582031,114.92027282714844,346.5199890136719
2020-09-30,99.04736328125,113.90745544433594,29.25,87.42951202392578,36.630001068115234,89.10515594482422,90.69999694824219,31.609609603881836,38.909095764160156,72.80625915527344,29.235883712768555,73.52666473388672,193.63999938964844,187.09078979492188,283.01708984375,110.18595123291016,17.110000610351562,100.32241821289062,116.59159851074219,348.55999755859375
2020-10-01,99.32209777832031,114.8713607788086,29.399999618530273,84.93238067626953,36.90999984741211,88.99330139160156,95.61000061035156,31.453125,39.206939697265625,71.42427062988281,28.870887756347656,75.38355255126953,196.16000366210938,192.1509246826172,286.5810546875,109.73448944091797,17.34000015258789,99.88428497314453,116.3050765991211,357.260009765625
2020-10-02,98.13479614257812,111.16329193115234,29.700000762939453,87.43931579589844,37.52000045776367,89.5059814453125,91.55000305175781,31.977811813354492,39.40549850463867,72.62883758544922,29.440645217895508,75.72380828857422,197.75,185.3718719482422,287.03021240234375,110.05146789550781,17.270000457763672,102.37613677978516,117.72811126708984,350.7200012207031
2020-10-05,101.36893463134766,114.58612823486328,30.639999389648438,92.79594421386719,37.56999969482422,88.76026916503906,91.83999633789062,32.56692123413086,40.533687591552734,76.59738159179688,30.517852783203125,73.59471893310547,207.86000061035156,193.08761596679688,288.22149658203125,111.10820007324219,16.989999771118164,104.78585052490234,120.25894927978516,357.1700134277344
2020-10-06,99.90421295166016,111.30099487304688,30.18000030517578,91.79707336425781,36.09000015258789,90.4008560180664,93.22000122070312,32.4288444519043,40.08241653442383,74.62711334228516,29.645404815673828,73.02113342285156,207.3699951171875,192.97177124023438,281.15216064453125,110.35889434814453,17.229999542236328,103.29803466796875,118.95054626464844,363.94000244140625
2020-10-07,102.11602783203125,113.18946838378906,30.239999771118164,94.68594360351562,37.02000045776367,89.841552734375,96.06999969482422,33.561038970947266,40.47051239013672,74.17890167236328,30.562360763549805,73.65304565429688,207.0399932861328,195.9364013671875,281.454833984375,110.1763687133789,18.010000228881836,105.13269805908203,123.14317321777344,375.760009765625
2020-10-08,102.39128112792969,113.08126068115234,31.5,94.9405517578125,38.630001068115234,90.22373962402344,97.06999969482422,34.22380065917969,40.36220169067383,75.2994384765625,31.630659103393555,75.54882049560547,204.5,199.5963134765625,285.2531433105469,110.21012115478516,18.200000762939453,106.37406921386719,128.92120361328125,378.42999267578125
2020-10-09,103.96409606933594,115.04841613769531,31.530000686645508,94.03961181640625,38.689998626708984,89.9627456665039,98.98999786376953,34.702457427978516,40.551734924316406,74.41234588623047,31.274566650390625,75.91825103759766,205.52999877929688,203.7970428466797,287.7821044921875,111.60873413085938,18.729999542236328,105.40652465820312,129.7711944580078,389.2799987792969
2020-10-12,103.63970947265625,122.35633087158203,31.709999084472656,92.97220611572266,38.40999984741211,90.05596923828125,99.18000030517578,34.80370330810547,41.4091682434082,75.84100341796875,31.6840877532959,76.17102813720703,203.99000549316406,207.1865997314453,286.4150390625,112.45753479003906,18.079999923706055,106.1367416381836,129.93356323242188,394.75
2020-10-13,103.62987518310547,119.11055755615234,30.809999465942383,93.16806030273438,38.0,88.93737030029297,101.75,33.947654724121094,39.42354965209961,73.90811920166016,31.0519962310791,75.68492889404297,201.5399932861328,212.3916015625,286.4931945800781,110.87565612792969,16.59000015258789,102.69561767578125,127.56503295898438,393.010009765625
2020-10-14,103.2759780883789,119.19908905029297,30.459999084472656,92.62945556640625,38.54999923706055,88.59246826171875,101.41999816894531,33.68070602416992,38.836883544921875,73.55326843261719,30.740415573120117,76.09324645996094,203.0,208.58682250976562,283.2709655761719,110.45126342773438,16.479999542236328,100.24939727783203,128.53915405273438,393.510009765625
2020-10-15,103.53157043457031,118.72695922851562,30.889999389648438,92.3944320678711,38.029998779296875,88.08909606933594,105.86000061035156,34.26982498168945,39.36037063598633,73.59996032714844,31.514928817749023,76.62796020507812,209.7899932861328,205.77670288085938,283.6322326660156,110.30660247802734,16.100000381469727,101.0611343383789,130.59249877929688,396.70001220703125
2020-10-16,104.88813018798828,117.06472778320312,30.850000381469727,91.48370361328125,39.349998474121094,88.07978057861328,109.16000366210938,34.997013092041016,38.98129653930664,73.37586975097656,30.433490753173828,74.94605255126953,208.2100067138672,201.2476348876953,282.2457275390625,110.86602783203125,16.200000762939453,102.83219909667969,130.99362182617188,398.5199890136719
2020-10-19,103.69868469238281,114.07467651367188,29.889999389648438,90.6513442993164,39.58000183105469,87.84673309326172,107.62000274658203,34.02128982543945,38.71955871582031,72.52611541748047,29.469215393066406,73.68222045898438,210.1300048828125,199.7122344970703,277.8225402832031,109.02371978759766,16.450000762939453,101.45777130126953,128.28131103515625,394.1400146484375
2020-10-20,103.81664276123047,115.57953643798828,30.260000228881836,91.62081146240234,39.93000030517578,87.88401794433594,106.06999969482422,34.15015411376953,39.279136657714844,74.53374481201172,29.36107063293457,74.39189910888672,211.8699951171875,198.65963745117188,278.6622009277344,108.48356628417969,17.079999923706055,103.36719512939453,128.577392578125,396.25
2020-10-21,103.04989624023438,114.95005798339844,30.860000610351562,93.88292694091797,39.689998626708984,89.05855560302734,103.26000213623047,33.97527313232422,38.81883239746094,78.70769500732422,27.61273956298828,71.07674407958984,205.35000610351562,199.21971130371094,270.62628173828125,108.31958770751953,16.989999771118164,102.05735778808594,128.0043487548828,396.8800048828125
2020-10-22,104.95693969726562,113.84844970703125,31.68000030517578,92.99178314208984,40.59000015258789,90.08391571044922,103.63999938964844,34.573585510253906,39.667240142822266,71.65770721435547,28.75726318359375,68.6268310546875,209.33999633789062,196.33233642578125,266.2908935546875,109.36131286621094,17.709999084472656,106.37430572509766,127.6891860961914,399.010009765625
2020-10-23,104.36713409423828,113.15011596679688,31.809999465942383,94.48029327392578,41.56999969482422,91.06269073486328,102.91000366210938,34.67483901977539,39.667240142822266,72.27400970458984,29.32501792907715,71.02812957763672,212.0399932861328,196.19711303710938,265.470703125,109.66996002197266,18.350000381469727,105.90387725830078,128.2335662841797,404.3999938964844
2020-10-26,102.85327911376953,113.15995788574219,30.479999542236328,92.52174377441406,38.58000183105469,90.86693572998047,101.93000030517578,33.809574127197266,39.044471740722656,71.72308349609375,27.324357986450195,68.86985778808594,210.39999389648438,192.1123046875,262.65863037109375,107.15248107910156,16.799999237060547,102.9705581665039,125.42574310302734,398.94000244140625
2020-10-27,104.23933410644531,114.6844711303711,29.209999084472656,93.20722961425781,37.470001220703125,90.48475646972656,101.05000305175781,33.0112190246582,37.798954010009766,68.95911407470703,27.27028465270996,67.17826843261719,207.7100067138672,191.77430725097656,259.9149169921875,106.49658966064453,16.530000686645508,100.71983337402344,121.66285705566406,397.05999755859375
2020-10-28,99.9337158203125,109.37319946289062,29.450000762939453,88.89842987060547,35.709999084472656,86.40189361572266,102.0,31.637300491333008,37.122032165527344,66.45660400390625,25.945524215698242,66.96438598632812,217.11000061035156,184.01025390625,255.6869354248047,103.71866607666016,15.029999732971191,100.28630065917969,119.58087921142578,386.30999755859375
2020-10-29,100.28760528564453,113.42552185058594,30.43000030517578,91.82645416259766,36.779998779296875,85.83328247070312,103.4000015258789,31.860095977783203,37.60038757324219,66.90481567382812,26.27896499633789,66.1380386352539,216.57000732421875,195.01901245117188,256.8000793457031,99.30099487304688,15.770000457763672,101.30094909667969,122.3409652709961,388.6700134277344
2020-10-30,100.3564224243164,107.07162475585938,30.209999084472656,91.27806091308594,37.88999938964844,85.45110321044922,98.9000015258789,31.897233963012695,37.84709167480469,66.0550765991211,25.792314529418945,64.95195770263672,210.14999389648438,190.4127197265625,256.70245361328125,99.79293060302734,16.6299991607666,103.20115661621094,123.88811492919922,384.3800048828125
2020-11-02,103.45292663574219,106.98311614990234,31.3700008392334,94.83281707763672,38.27000045776367,89.03057861328125,97.94999694824219,32.58418655395508,38.56895446777344,67.43706512451172,27.243249893188477,67.25604248046875,212.57000732421875,195.28939819335938,259.6610412597656,101.1722412109375,16.170000076293945,105.57179260253906,129.10264587402344,387.44000244140625
2020-11-03,105.21253967285156,108.62567138671875,31.90999984741211,95.5966567993164,38.560001373291016,91.00675201416016,101.68000030517578,33.410400390625,39.77508544921875,68.80970001220703,26.41414451599121,67.52826690673828,221.5399932861328,203.64256286621094,262.8343505859375,102.79269409179688,16.549999237060547,110.12859344482422,130.70712280273438,395.260009765625
2020-11-04,106.6477279663086,113.06157684326172,31.979999542236328,91.49349975585938,37.79999923706055,89.10515594482422,105.05000305175781,32.212860107421875,38.45017623901367,67.50243377685547,27.378427505493164,72.67115020751953,223.5,212.9613494873047,278.8771057128906,105.13656616210938,16.15999984741211,104.10514068603516,126.83918762207031,405.9800109863281
2020-11-05,108.4663314819336,117.0745620727539,31.90999984741211,103.31331634521484,39.18000030517578,88.57380676269531,108.5,33.0483512878418,39.354766845703125,69.61275482177734,27.144119262695312,70.8823013305664,230.72999572753906,220.27154541015625,284.19854736328125,104.55783081054688,17.25,108.08079528808594,132.04417419433594,409.8999938964844
2020-11-06,110.62896728515625,116.94155883789062,31.549999237060547,109.89404296875,38.2599983215332,87.28743743896484,122.58999633789062,32.55633544921875,39.025821685791016,69.3326187133789,26.306001663208008,68.64627075195312,233.0399932861328,223.72866821289062,283.7786865234375,105.67671203613281,16.969999313354492,105.7839584350586,132.52169799804688,414.45001220703125
2020-11-09,110.58965301513672,114.6064682006836,34.439998626708984,114.31057739257812,45.90999984741211,91.1559066772461,124.26000213623047,36.35319137573242,43.53056335449219,80.05233001708984,30.08201789855957,63.1436882019043,220.5399932861328,224.34671020507812,268.95660400390625,106.66056823730469,21.510000228881836,118.05223083496094,136.02120971679688,420.4200134277344
2020-11-10,108.32870483398438,114.2616195678711,35.220001220703125,115.48571014404297,45.52000045776367,95.49976348876953,119.0,36.40889358520508,43.539703369140625,80.90206909179688,32.01960754394531,68.90876007080078,217.9499969482422,216.051513671875,263.9572448730469,108.52214813232422,20.1200008392334,116.9084243774414,136.9320831298828,414.94000244140625
2020-11-11,107.55211639404297,117.72976684570312,34.72999954223633,116.11244201660156,44.34000015258789,93.90576934814453,118.30000305175781,35.83332443237305,44.709285736083984,78.92247009277344,31.7943058013916,70.82398223876953,225.2899932861328,225.495849609375,273.6434326171875,109.3420181274414,19.520000457763672,115.70927429199219,136.76907348632812,422.9100036621094
2020-11-12,107.58160400390625,117.45389556884766,33.72999954223633,116.18099212646484,42.40999984741211,92.02281951904297,118.1500015258789,35.02568435668945,44.11534881591797,77.4937973022461,30.649782180786133,69.4337387084961,219.77999877929688,225.25445556640625,269.8255920410156,108.34852600097656,18.850000381469727,111.61370086669922,134.10366821289062,414.17999267578125
2020-11-13,108.2992172241211,117.50316619873047,34.150001525878906,119.94139099121094,44.65999984741211,95.22944641113281,120.9800033569336,35.9354362487793,44.46257781982422,73.56261444091797,31.866405487060547,71.23229217529297,215.97000122070312,228.88006591796875,268.9175109863281,109.2938003540039,20.059999465942383,113.255615234375,136.9320831298828,416.1499938964844
2020-11-16,108.39751434326172,118.52783966064453,35.29999923706055,126.2479019165039,47.15999984741211,94.40914916992188,119.33000183105469,36.86376190185547,46.0524787902832,74.55239868164062,34.31766128540039,72.06838989257812,213.19000244140625,234.38636779785156,269.0444641113281,111.56050872802734,21.309999465942383,116.49333953857422,138.32228088378906,414.1199951171875
2020-11-17,107.99446868896484,117.6312484741211,35.2400016784668,125.29800415039062,47.459999084472656,93.2625961303711,119.05000305175781,36.613121032714844,46.3540153503418,74.4310302734375,35.011592864990234,71.4267349243164,210.08999633789062,234.44454956054688,268.2145080566406,110.19083404541016,22.059999465942383,117.04678344726562,137.36351013183594,413.6700134277344
2020-11-18,104.15086364746094,116.29129028320312,34.88999938964844,123.91724395751953,47.720001220703125,89.64579772949219,119.83000183105469,35.963294982910156,46.64641571044922,74.23493194580078,35.30897521972656,72.46698760986328,211.94000244140625,232.99041748046875,266.1932678222656,108.03023529052734,20.459999084472656,119.26983642578125,136.9128875732422,408.94000244140625
2020-11-19,106.83451080322266,116.89228057861328,34.869998931884766,123.19257354736328,48.4900016784668,88.64838409423828,123.0999984741211,35.73121643066406,47.64238739013672,73.16109466552734,35.57033157348633,73.01141357421875,216.75,236.296142578125,267.6579284667969,110.4223403930664,21.020000457763672,120.1922607421875,137.3155517578125,414.3800048828125
2020-11-20,109.00698852539062,115.61143493652344,33.970001220703125,125.2392578125,47.720001220703125,89.17973327636719,124.80999755859375,35.16493606567383,47.194664001464844,72.27400970458984,35.732547760009766,72.91417694091797,222.97000122070312,235.15223693847656,267.05133056640625,108.97550201416016,19.989999771118164,118.90087127685547,137.1429901123047,414.4700012207031
2020-11-23,110.3045654296875,112.17286682128906,33.9900016784668,131.28138732910156,49.720001220703125,90.28899383544922,126.5,35.78691101074219,48.70232009887695,72.48876953125,38.49021530151367,75.13076782226562,219.6300048828125,242.5876922607422,264.99658203125,109.26486206054688,20.889999389648438,123.28238677978516,138.81126403808594,413.5199890136719
2020-11-24,112.73262786865234,113.4734115600586,34.54999923706055,134.4150390625,52.369998931884766,93.47698211669922,127.48999786376953,37.77352523803711,52.13798522949219,74.29095458984375,40.022254943847656,72.22393035888672,213.83999633789062,242.51980590820312,265.72064208984375,111.02035522460938,22.549999237060547,129.2412872314453,141.83135986328125,410.8500061035156
2020-11-25,112.4082260131836,114.32073974609375,33.54999923706055,131.9375,52.470001220703125,92.66600799560547,127.73999786376953,37.47645568847656,52.13798522949219,73.32917022705078,39.31931686401367,73.94470977783203,216.50999450683594,241.33709716796875,270.6029968261719,111.145751953125,23.200000762939453,129.73939514160156,140.64251708984375,414.8900146484375
2020-11-27,112.15264892578125,114.87248229980469,33.029998779296875,134.80679321289062,51.54999923706055,90.8227310180664,125.55000305175781,37.08656311035156,51.78162384033203,72.65685272216797,38.55329513549805,73.86692810058594,221.39999389648438,246.35873413085938,271.23895263671875,110.30660247802734,23.68000030517578,128.9461212158203,141.68760681152344,426.1099853515625
2020-11-30,114.91492462158203,117.2962646484375,32.20000076293945,133.15179443359375,50.970001220703125,89.95033264160156,125.69000244140625,36.31605529785156,50.319644927978516,71.29354858398438,35.651432037353516,72.42809295654297,215.60000610351562,244.26475524902344,276.2484436035156,110.57665252685547,22.8700008392334,127.35952758789062,140.71920776367188,427.6000061035156
2020-12-01,113.40107727050781,120.91217803955078,33.02000045776367,133.0636749267578,50.939998626708984,90.65386962890625,125.26000213623047,36.63168716430664,50.685142517089844,74.70181274414062,35.39009475708008,70.08512115478516,213.02000427246094,248.81134033203125,273.1762390136719,112.21640014648438,22.940000534057617,129.80398559570312,142.96273803710938,432.1199951171875
2020-12-02,112.62447357177734,121.26689910888672,33.11000061035156,132.44671630859375,51.290000915527344,90.23173522949219,123.91999816894531,37.123695373535156,52.26591491699219,74.63644409179688,36.02091979980469,67.34354400634766,210.74000549316406,248.48178100585938,271.9727783203125,111.90774536132812,23.399999618530273,130.41278076171875,141.04518127441406,418.1700134277344
2020-12-03,111.65131378173828,121.12895202636719,32.59000015258789,128.98988342285156,53.0099983215332,90.54129791259766,123.8499984741211,37.244384765625,51.69939422607422,76.28922271728516,37.12940216064453,70.53179931640625,207.5800018310547,249.51902770996094,273.84161376953125,112.40930938720703,25.420000076293945,130.29286193847656,139.43446350097656,417.5299987792969
2020-12-04,113.19464111328125,120.4491195678711,34.16999816894531,136.33444213867188,52.939998626708984,91.24484252929688,124.18000030517578,37.736392974853516,53.563419342041016,77.46578216552734,39.896080017089844,69.4885482788086,205.25999450683594,255.63609313964844,279.4969177246094,113.16166687011719,26.299999237060547,131.47354125976562,140.8726043701172,420.44000244140625
2020-12-07,112.45738220214844,121.92700958251953,33.25,137.0982666015625,51.0099983215332,91.22608184814453,122.79000091552734,37.44861602783203,53.11568832397461,74.86988830566406,38.5893440246582,71.95531463623047,208.91000366210938,258.5443420410156,276.9920959472656,111.94631958007812,26.5,130.80941772460938,138.92630004882812,436.75
2020-12-08,115.02305603027344,122.5477294921875,33.18000030517578,140.9663848876953,50.970001220703125,91.5450210571289,125.55999755859375,37.85707473754883,53.32585144042969,75.87838745117188,38.46318054199219,69.05953216552734,216.8699951171875,258.7770080566406,272.7945861816406,112.56363677978516,28.149999618530273,130.45889282226562,138.9071502685547,447.44000244140625
2020-12-09,114.42343139648438,119.98603820800781,33.54999923706055,139.59539794921875,50.36000061035156,91.69512176513672,123.19000244140625,37.866363525390625,53.86495590209961,75.9437484741211,38.48120880126953,68.16255187988281,209.42999267578125,248.6465301513672,269.3800048828125,111.7919921875,27.260000228881836,132.16537475585938,139.39610290527344,444.70001220703125
2020-12-10,116.79249572753906,121.42453002929688,34.27000045776367,138.87368774414062,51.290000915527344,92.0890884399414,125.4800033569336,38.39550018310547,55.281253814697266,75.60758209228516,39.65275955200195,68.2210464477539,211.27000427246094,248.1521453857422,268.06884765625,111.2807846069336,27.440000534057617,132.8203125,137.4210205078125,449.5899963378906
2020-12-11,116.46810150146484,120.60675811767578,33.75,136.14393615722656,49.880001068115234,92.933349609375,123.12000274658203,37.35578536987305,53.846683502197266,74.86055755615234,39.18413543701172,68.16255187988281,217.27999877929688,249.75167846679688,268.7146301269531,111.34829711914062,26.510000228881836,132.51588439941406,137.0375213623047,450.79998779296875
2020-12-14,114.75764465332031,119.98603820800781,33.56999969482422,132.1376953125,48.93000030517578,93.3460922241211,127.23999786376953,36.97516632080078,53.67307662963867,74.33765411376953,38.13874435424805,68.64030456542969,218.05999755859375,252.1752471923828,268.6950988769531,110.84673309326172,25.40999984741211,130.7909698486328,135.91574096679688,446.489990234375
2020-12-15,115.39662170410156,125.99616241455078,34.93000030517578,135.44674682617188,50.33000183105469,95.3816909790039,128.80999755859375,37.309356689453125,54.52284622192383,76.14409637451172,38.57132339477539,69.17655181884766,224.39999389648438,253.02835083007812,271.4052429199219,112.5154037475586,25.219999313354492,132.04544067382812,138.17845153808594,452.3399963378906
2020-12-16,115.24915313720703,125.92720031738281,35.400001525878906,133.32579040527344,49.75,93.19600677490234,119.94000244140625,37.55073165893555,54.595951080322266,77.1884536743164,38.13874435424805,69.40079498291016,220.44000244140625,252.5823974609375,274.49713134765625,112.96874237060547,25.459999084472656,133.98257446289062,136.99916076660156,461.8599853515625
2020-12-17,116.94978332519531,126.8041000366211,35.54999923706055,134.9950714111328,50.16999816894531,92.95211029052734,120.75,37.51359176635742,54.87007522583008,79.30540466308594,37.823333740234375,71.6335678100586,218.60000610351562,251.7389678955078,274.0176696777344,114.48312377929688,25.40999984741211,133.77041625976562,138.3414306640625,455.2799987792969
2020-12-18,117.2741928100586,124.79414367675781,34.43000030517578,136.38943481445312,50.349998474121094,89.21864318847656,125.33999633789062,37.866363525390625,53.96546936035156,78.12932586669922,36.93113708496094,71.39957427978516,216.7899932861328,254.1334228515625,277.2563171386719,112.14886474609375,25.18000030517578,133.66893005371094,139.43446350097656,448.80999755859375
2020-12-21,115.77999114990234,126.34101867675781,34.369998931884766,139.45301818847656,50.220001220703125,86.32003021240234,127.87000274658203,38.45119857788086,55.94828796386719,79.07960510253906,36.26425552368164,70.69755554199219,230.2899932861328,252.79563903808594,272.84356689453125,110.97211456298828,24.780000686645508,133.38299560546875,140.07684326171875,433.989990234375
2020-12-22,115.37694549560547,129.937255859375,34.58000183105469,143.62620544433594,50.349998474121094,86.61084747314453,128.5,37.392906188964844,54.14821243286133,78.99492645263672,35.173805236816406,70.5123062133789,227.30999755859375,249.71287536621094,275.2015686035156,110.34516143798828,23.079999923706055,132.5804443359375,138.7345428466797,438.5199890136719
2020-12-23,115.30814361572266,129.0308074951172,35.08000183105469,147.20042419433594,51.84000015258789,86.32942199707031,131.8300018310547,38.04274368286133,55.53710174560547,80.64143371582031,36.12006378173828,68.98155212402344,227.00999450683594,245.05967712402344,269.7517395019531,109.66033172607422,24.5,135.320068359375,137.93878173828125,432.989990234375
2020-12-24,115.31796264648438,130.0259246826172,34.86000061035156,146.93528747558594,52.25,87.02359008789062,130.75,38.09844207763672,55.345211029052734,80.18982696533203,35.588348388671875,70.05406188964844,233.1999969482422,251.1573028564453,272.8631286621094,111.04927825927734,24.579999923706055,134.81271362304688,139.02218627929688,434.260009765625
2020-12-28,115.82913208007812,134.67637634277344,35.33000183105469,147.0138397216797,52.58000183105469,87.62394714355469,125.16000366210938,38.46977233886719,55.856910705566406,82.20326232910156,35.4171257019043,68.64030456542969,233.0399932861328,249.70315551757812,271.9727783203125,111.1167984008789,25.530000686645508,135.17250061035156,137.26763916015625,431.92999267578125
2020-12-29,115.23933410644531,132.88320922851562,35.29999923706055,143.57711791992188,52.029998779296875,87.3894271850586,123.33000183105469,38.46977233886719,55.655887603759766,81.13068389892578,35.20985412597656,68.24053955078125,221.3699951171875,246.5816650390625,274.6732177734375,110.7309799194336,25.389999389648438,133.63201904296875,137.00875854492188,429.3699951171875
2020-12-30,115.39662170410156,131.75015258789062,35.58000183105469,146.59161376953125,52.900001525878906,87.71775817871094,123.87999725341797,38.70185089111328,55.610198974609375,81.34709167480469,36.05698013305664,68.36730194091797,229.19000244140625,252.19461059570312,279.3501281738281,110.93354034423828,25.639999389648438,135.49534606933594,137.3155517578125,428.92999267578125
